{"cameraMode":{"drawMode":0,"name":"Shaded","section":"Shading Mode"},"sceneLighting":true,"audioPlay":false,"sceneViewState":{"showFog":false,"showMaterialUpdate":false,"showSkybox":false,"showFlares":false,"showImageEffects":false,"showParticleSystems":false},"in2DMode":false,"pivot":{"x":522.8553466796875,"y":278.160400390625,"z":-42.90374755859375},"rotation":{"x":-0.05727478861808777,"y":0.01107873860746622,"z":-0.0006356133962981403,"w":-0.9982969760894775},"size":532.4227294921875,"orthographic":false}