{"cameraMode":{"drawMode":0,"name":"Shaded","section":"Shading Mode"},"sceneLighting":true,"audioPlay":false,"sceneViewState":{"showFog":false,"showMaterialUpdate":false,"showSkybox":false,"showFlares":false,"showImageEffects":false,"showParticleSystems":false},"in2DMode":false,"pivot":{"x":1.6612653732299805,"y":2.7892532348632814,"z":-5.2126851081848148},"rotation":{"x":0.0015521981986239553,"y":0.997952401638031,"z":0.026641996577382089,"w":-0.05814570561051369},"size":4.568046569824219,"orthographic":false}