{"cameraMode":{"drawMode":0,"name":"Shaded","section":"Shading Mode"},"sceneLighting":false,"audioPlay":false,"sceneViewState":{"showFog":false,"showMaterialUpdate":false,"showSkybox":false,"showFlares":false,"showImageEffects":false,"showParticleSystems":false},"in2DMode":false,"pivot":{"x":1.7100000381469727,"y":-0.08000040054321289,"z":-5.260000705718994},"rotation":{"x":-0.32014384865760805,"y":0.2290571630001068,"z":-0.08007627725601196,"w":-0.915768563747406},"size":4.412431716918945,"orthographic":false}