{"cameraMode":{"drawMode":0,"name":"Shaded","section":"Shading Mode"},"sceneLighting":false,"audioPlay":false,"sceneViewState":{"showFog":true,"showMaterialUpdate":true,"showSkybox":false,"showFlares":true,"showImageEffects":true,"showParticleSystems":true},"in2DMode":false,"pivot":{"x":-1.9700000286102296,"y":4.0,"z":1.1399999856948853},"rotation":{"x":-0.11701545119285584,"y":0.026784395799040796,"z":-0.003110647900030017,"w":-0.9928919672966003},"size":13.404664039611817,"orthographic":true}