{"cameraMode":{"drawMode":0,"name":"Shaded","section":"Shading Mode"},"sceneLighting":true,"audioPlay":false,"sceneViewState":{"showFog":false,"showMaterialUpdate":false,"showSkybox":false,"showFlares":false,"showImageEffects":false,"showParticleSystems":false},"in2DMode":false,"pivot":{"x":-11.850136756896973,"y":3.795719623565674,"z":-7.8834052085876469},"rotation":{"x":-0.033988289535045627,"y":0.7916929125785828,"z":-0.044229891151189807,"w":-0.6083689332008362},"size":42.07831573486328,"orthographic":false}